Duration,WaterUsage,TaskType_Cleaning,TaskType_Cooking,TaskType_Gardening,TaskType_Showering
17.47976523,43.09970654,FALSE,FALSE,TRUE,FALSE
42.83142948,66.03928685,TRUE,FALSE,FALSE,FALSE
33.20773344,58.20773344,FALSE,FALSE,FALSE,TRUE
27.3409733,37.3409733,TRUE,FALSE,FALSE,FALSE
7.864820179,17.86482018,TRUE,FALSE,FALSE,FALSE
7.863758895,24.86375889,FALSE,FALSE,TRUE,FALSE
3.555678935,16.94459867,TRUE,FALSE,FALSE,FALSE
39.11175041,70.13968802,FALSE,FALSE,TRUE,FALSE
27.44906052,40.56132565,FALSE,TRUE,FALSE,FALSE
32.15519342,37.15519342,FALSE,TRUE,FALSE,FALSE
1.905717749,18.90571775,FALSE,FALSE,TRUE,FALSE
43.6760335,48.6760335,FALSE,TRUE,FALSE,FALSE
37.6274762,62.6274762,FALSE,FALSE,FALSE,TRUE
10.34292087,20.34292087,TRUE,FALSE,FALSE,FALSE
9.000298557,34.00029856,FALSE,FALSE,FALSE,TRUE
9.069798434,19.06979843,TRUE,FALSE,FALSE,FALSE
14.38665869,19.38665869,FALSE,TRUE,FALSE,FALSE
24.08928299,49.08928299,FALSE,FALSE,FALSE,TRUE
20.00558082,25.00558082,FALSE,TRUE,FALSE,FALSE
13.81408217,23.81408217,TRUE,FALSE,FALSE,FALSE
27.92152737,44.92152737,FALSE,FALSE,TRUE,FALSE
7.137729869,24.13772987,FALSE,FALSE,TRUE,FALSE
13.85436454,38.85436454,FALSE,FALSE,FALSE,TRUE
17.1199211,22.1199211,FALSE,TRUE,FALSE,FALSE
21.06707931,32.58384913,FALSE,TRUE,FALSE,FALSE
35.5477423,60.5477423,FALSE,FALSE,FALSE,TRUE
9.785646415,26.78564641,FALSE,FALSE,TRUE,FALSE
23.62631529,33.62631529,TRUE,FALSE,FALSE,FALSE
27.06624103,52.06624103,FALSE,FALSE,FALSE,TRUE
3.04381816,16.3047727,TRUE,FALSE,FALSE,FALSE
27.73197348,44.73197348,FALSE,FALSE,TRUE,FALSE
8.503061442,16.8788268,FALSE,TRUE,FALSE,FALSE
3.862270091,20.86227009,FALSE,FALSE,TRUE,FALSE
42.75096364,67.75096364,FALSE,FALSE,FALSE,TRUE
43.48780946,48.48780946,FALSE,TRUE,FALSE,FALSE
36.56948332,61.56948332,FALSE,FALSE,FALSE,TRUE
14.40300584,39.40300584,FALSE,FALSE,FALSE,TRUE
5.297573016,22.29757302,FALSE,FALSE,TRUE,FALSE
31.10625317,56.10625317,FALSE,FALSE,FALSE,TRUE
20.36670972,46.70838716,FALSE,FALSE,TRUE,FALSE
6.369682333,11.36968233,FALSE,TRUE,FALSE,FALSE
22.78778404,39.78778404,FALSE,FALSE,TRUE,FALSE
2.513094929,9.391368661,FALSE,TRUE,FALSE,FALSE
41.01009769,58.01009769,FALSE,FALSE,TRUE,FALSE
12.38631919,22.38631919,TRUE,FALSE,FALSE,FALSE
30.15098051,50.18872564,TRUE,FALSE,FALSE,FALSE
14.71528735,39.71528735,FALSE,FALSE,FALSE,TRUE
23.88299293,51.10374116,FALSE,FALSE,TRUE,FALSE
25.05525229,42.05525229,FALSE,FALSE,TRUE,FALSE
9.133596043,14.13359604,FALSE,TRUE,FALSE,FALSE
43.66172362,68.66172362,FALSE,FALSE,FALSE,TRUE
35.10584423,65.13230528,FALSE,FALSE,TRUE,FALSE
42.33795343,67.33795343,FALSE,FALSE,FALSE,TRUE
40.37240342,50.37240342,TRUE,FALSE,FALSE,FALSE
27.30759907,44.30759907,FALSE,FALSE,TRUE,FALSE
41.56246634,58.56246634,FALSE,FALSE,TRUE,FALSE
4.89367009,37.36708761,FALSE,FALSE,FALSE,TRUE
9.623245946,26.62324595,FALSE,FALSE,TRUE,FALSE
2.990000712,27.99000071,FALSE,FALSE,FALSE,TRUE
15.31453455,32.31453455,FALSE,FALSE,TRUE,FALSE
18.10180075,23.10180075,FALSE,TRUE,FALSE,FALSE
12.9393574,37.9393574,FALSE,FALSE,FALSE,TRUE
37.4644504,54.4644504,FALSE,FALSE,TRUE,FALSE
16.69714637,26.69714637,TRUE,FALSE,FALSE,FALSE
13.36111843,30.36111843,FALSE,FALSE,TRUE,FALSE
24.87862766,34.87862766,TRUE,FALSE,FALSE,FALSE
7.200665899,17.2006659,TRUE,FALSE,FALSE,FALSE
36.29666715,41.29666715,FALSE,TRUE,FALSE,FALSE
4.280228322,36.6002854,FALSE,FALSE,FALSE,TRUE
44.42302521,61.42302521,FALSE,FALSE,TRUE,FALSE
34.97876985,49.97346231,FALSE,TRUE,FALSE,FALSE
9.743489988,26.74348999,FALSE,FALSE,TRUE,FALSE
1.242973153,11.24297315,TRUE,FALSE,FALSE,FALSE
36.88030285,61.88030285,FALSE,FALSE,FALSE,TRUE
32.10172313,49.10172313,FALSE,FALSE,TRUE,FALSE
33.07631539,50.07631539,FALSE,FALSE,TRUE,FALSE
34.93589525,44.93589525,TRUE,FALSE,FALSE,FALSE
4.257964676,21.25796468,FALSE,FALSE,TRUE,FALSE
16.77249206,42.21561507,FALSE,FALSE,TRUE,FALSE
6.098238619,20.12279827,TRUE,FALSE,FALSE,FALSE
38.97655074,43.97655074,FALSE,TRUE,FALSE,FALSE
28.42511758,38.42511758,TRUE,FALSE,FALSE,FALSE
15.55951309,25.69939137,FALSE,TRUE,FALSE,FALSE
3.796567413,35.99570927,FALSE,FALSE,FALSE,TRUE
14.68322216,19.68322216,FALSE,TRUE,FALSE,FALSE
15.30806617,20.30806617,FALSE,TRUE,FALSE,FALSE
33.10267185,58.10267185,FALSE,FALSE,FALSE,TRUE
29.05252874,34.05252874,FALSE,TRUE,FALSE,FALSE
40.03736067,50.03736067,TRUE,FALSE,FALSE,FALSE
21.77745671,26.77745671,FALSE,TRUE,FALSE,FALSE
6.262146821,31.26214682,FALSE,FALSE,FALSE,TRUE
32.38277064,42.38277064,TRUE,FALSE,FALSE,FALSE
34.47454214,59.47454214,FALSE,FALSE,FALSE,TRUE
25.69619669,50.69619669,FALSE,FALSE,FALSE,TRUE
34.92255592,51.92255592,FALSE,FALSE,TRUE,FALSE
22.72700624,49.6587578,FALSE,FALSE,TRUE,FALSE
24.00024449,49.00024449,FALSE,FALSE,FALSE,TRUE
19.81180481,44.81180481,FALSE,FALSE,FALSE,TRUE
2.118441577,27.11844158,FALSE,FALSE,FALSE,TRUE
5.747222788,22.74722279,FALSE,FALSE,TRUE,FALSE
2.38288417,19.38288417,FALSE,FALSE,TRUE,FALSE
29.0020581,34.0020581,FALSE,TRUE,FALSE,FALSE
14.83166317,19.83166317,FALSE,TRUE,FALSE,FALSE
23.37711041,48.37711041,FALSE,FALSE,FALSE,TRUE
40.93292485,50.93292485,TRUE,FALSE,FALSE,FALSE
11.96885808,27.4610726,TRUE,FALSE,FALSE,FALSE
19.05684861,36.05684861,FALSE,FALSE,TRUE,FALSE
34.2442501,51.2442501,FALSE,FALSE,TRUE,FALSE
11.06711928,28.06711928,FALSE,FALSE,TRUE,FALSE
4.387116032,36.73389504,FALSE,FALSE,FALSE,TRUE
13.74906393,23.74906393,TRUE,FALSE,FALSE,FALSE
8.093736639,13.09373664,FALSE,TRUE,FALSE,FALSE
41.9066967,83.63337088,FALSE,FALSE,FALSE,TRUE
36.5572967,41.5572967,FALSE,TRUE,FALSE,FALSE
28.86976529,33.86976529,FALSE,TRUE,FALSE,FALSE
39.34426597,64.34426597,FALSE,FALSE,FALSE,TRUE
36.36157138,41.36157138,FALSE,TRUE,FALSE,FALSE
9.209082591,19.20908259,TRUE,FALSE,FALSE,FALSE
40.27259593,56.59074492,FALSE,TRUE,FALSE,FALSE
24.73105864,34.73105864,TRUE,FALSE,FALSE,FALSE
36.52736683,58.15920853,TRUE,FALSE,FALSE,FALSE
40.4280172,50.4280172,TRUE,FALSE,FALSE,FALSE
14.9921529,39.99019112,FALSE,FALSE,TRUE,FALSE
5.842284679,10.84228468,FALSE,TRUE,FALSE,FALSE
11.02914715,36.02914715,FALSE,FALSE,FALSE,TRUE
19.7927427,44.7927427,FALSE,FALSE,FALSE,TRUE
36.9926497,41.9926497,FALSE,TRUE,FALSE,FALSE
38.87214566,69.84018208,FALSE,FALSE,TRUE,FALSE
1.305893743,18.30589374,FALSE,FALSE,TRUE,FALSE
23.47288131,33.47288131,TRUE,FALSE,FALSE,FALSE
19.36608414,24.36608414,FALSE,TRUE,FALSE,FALSE
10.77274366,15.77274366,FALSE,TRUE,FALSE,FALSE
6.274076163,31.27407616,FALSE,FALSE,FALSE,TRUE
15.85506754,20.85506754,FALSE,TRUE,FALSE,FALSE
42.48802697,59.48802697,FALSE,FALSE,TRUE,FALSE
15.22092901,20.22092901,FALSE,TRUE,FALSE,FALSE
23.82678736,48.82678736,FALSE,FALSE,FALSE,TRUE
31.93283419,41.93283419,TRUE,FALSE,FALSE,FALSE
16.9997025,41.9997025,FALSE,FALSE,FALSE,TRUE
43.75841164,68.75841164,FALSE,FALSE,FALSE,TRUE
43.34768098,66.68460122,TRUE,FALSE,FALSE,FALSE
12.07842102,37.07842102,FALSE,FALSE,FALSE,TRUE
22.87893426,59.84866782,FALSE,FALSE,FALSE,TRUE
14.23864563,24.04830704,FALSE,TRUE,FALSE,FALSE
13.53298175,18.53298175,FALSE,TRUE,FALSE,FALSE
2.623025684,12.62302568,TRUE,FALSE,FALSE,FALSE
27.8208307,32.8208307,FALSE,TRUE,FALSE,FALSE
23.11787702,28.11787702,FALSE,TRUE,FALSE,FALSE
3.265065055,28.26506505,FALSE,FALSE,FALSE,TRUE
13.26044443,30.26044443,FALSE,FALSE,TRUE,FALSE
40.96369898,45.96369898,FALSE,TRUE,FALSE,FALSE
11.54072319,28.54072319,FALSE,FALSE,TRUE,FALSE
7.375374372,12.37537437,FALSE,TRUE,FALSE,FALSE
22.53592145,27.53592145,FALSE,TRUE,FALSE,FALSE
44.36861998,54.36861998,TRUE,FALSE,FALSE,FALSE
11.65043195,21.65043195,TRUE,FALSE,FALSE,FALSE
30.57396409,50.71745511,TRUE,FALSE,FALSE,FALSE
34.51126307,51.51126307,FALSE,FALSE,TRUE,FALSE
11.45605194,36.45605194,FALSE,FALSE,FALSE,TRUE
33.04151934,38.04151934,FALSE,TRUE,FALSE,FALSE
17.18245784,27.7280723,FALSE,TRUE,FALSE,FALSE
28.82145655,42.27682068,FALSE,TRUE,FALSE,FALSE
28.87530727,45.87530727,FALSE,FALSE,TRUE,FALSE
24.5740861,43.21760762,TRUE,FALSE,FALSE,FALSE
4.972749882,29.97274988,FALSE,FALSE,FALSE,TRUE
37.75330981,54.75330981,FALSE,FALSE,TRUE,FALSE
15.11432286,25.11432286,TRUE,FALSE,FALSE,FALSE
9.206814458,26.20681446,FALSE,FALSE,TRUE,FALSE
2.794106228,27.79410623,FALSE,FALSE,FALSE,TRUE
26.9992895,36.9992895,TRUE,FALSE,FALSE,FALSE
30.81283192,47.81283192,FALSE,FALSE,TRUE,FALSE
1.729864473,26.72986447,FALSE,FALSE,FALSE,TRUE
23.53209457,28.53209457,FALSE,TRUE,FALSE,FALSE
10.96581411,35.96581411,FALSE,FALSE,FALSE,TRUE
29.38760278,34.38760278,FALSE,TRUE,FALSE,FALSE
8.672122876,25.67212288,FALSE,FALSE,TRUE,FALSE
31.40126048,41.40126048,TRUE,FALSE,FALSE,FALSE
18.01635524,28.01635524,TRUE,FALSE,FALSE,FALSE
42.2161195,59.2161195,FALSE,FALSE,TRUE,FALSE
7.050921542,17.05092154,TRUE,FALSE,FALSE,FALSE
16.00691945,26.00691945,TRUE,FALSE,FALSE,FALSE
5.992834935,10.99283493,FALSE,TRUE,FALSE,FALSE
41.6865192,58.6865192,FALSE,FALSE,TRUE,FALSE
39.60293155,64.60293155,FALSE,FALSE,FALSE,TRUE
12.34943162,17.34943162,FALSE,TRUE,FALSE,FALSE
30.03929803,47.03929803,FALSE,FALSE,TRUE,FALSE
36.95777681,41.95777681,FALSE,TRUE,FALSE,FALSE
25.42883571,63.03604464,FALSE,FALSE,FALSE,TRUE
24.30462545,61.63078181,FALSE,FALSE,FALSE,TRUE
11.6415008,28.6415008,FALSE,FALSE,TRUE,FALSE
5.096521783,30.09652178,FALSE,FALSE,FALSE,TRUE
40.47749335,56.84686669,FALSE,TRUE,FALSE,FALSE
40.61839452,65.61839452,FALSE,FALSE,FALSE,TRUE
28.85646412,33.85646412,FALSE,TRUE,FALSE,FALSE
15.91731081,20.91731081,FALSE,TRUE,FALSE,FALSE
16.36522128,41.36522128,FALSE,FALSE,FALSE,TRUE
32.94204987,49.94204987,FALSE,FALSE,TRUE,FALSE
40.47285144,50.47285144,TRUE,FALSE,FALSE,FALSE
40.03180267,65.03180267,FALSE,FALSE,FALSE,TRUE
35.31452402,50.39315502,FALSE,TRUE,FALSE,FALSE
29.24939243,34.24939243,FALSE,TRUE,FALSE,FALSE
4.70215846,29.70215846,FALSE,FALSE,FALSE,TRUE
8.11166342,25.11166342,FALSE,FALSE,TRUE,FALSE
40.5363843,71.92048037,FALSE,FALSE,TRUE,FALSE
27.68287863,32.68287863,FALSE,TRUE,FALSE,FALSE
1.404670271,6.404670271,FALSE,TRUE,FALSE,FALSE
5.464747886,22.46474789,FALSE,FALSE,TRUE,FALSE
30.19407784,40.19407784,TRUE,FALSE,FALSE,FALSE
1.222709689,32.77838711,FALSE,FALSE,FALSE,TRUE
8.075554262,13.07555426,FALSE,TRUE,FALSE,FALSE
25.14428673,30.14428673,FALSE,TRUE,FALSE,FALSE
31.4433887,48.4433887,FALSE,FALSE,TRUE,FALSE
29.68629542,54.68629542,FALSE,FALSE,FALSE,TRUE
10.86784962,34.83481202,FALSE,FALSE,TRUE,FALSE
32.33588574,57.33588574,FALSE,FALSE,FALSE,TRUE
11.43895985,36.43895985,FALSE,FALSE,FALSE,TRUE
15.31758672,40.31758672,FALSE,FALSE,FALSE,TRUE
33.84562183,38.84562183,FALSE,TRUE,FALSE,FALSE
29.58384756,39.58384756,TRUE,FALSE,FALSE,FALSE
38.36583006,55.36583006,FALSE,FALSE,TRUE,FALSE
29.93496726,39.93496726,TRUE,FALSE,FALSE,FALSE
26.00557855,43.00557855,FALSE,FALSE,TRUE,FALSE
5.121689784,30.12168978,FALSE,FALSE,FALSE,TRUE
17.17949533,22.17949533,FALSE,TRUE,FALSE,FALSE
12.66890418,22.66890418,TRUE,FALSE,FALSE,FALSE
11.73554431,16.73554431,FALSE,TRUE,FALSE,FALSE
43.81246441,76.01558051,FALSE,FALSE,TRUE,FALSE
18.29629989,23.29629989,FALSE,TRUE,FALSE,FALSE
40.25004843,45.25004843,FALSE,TRUE,FALSE,FALSE
28.77009954,48.46262443,TRUE,FALSE,FALSE,FALSE
35.97169736,60.97169736,FALSE,FALSE,FALSE,TRUE
23.1160321,35.14504012,FALSE,TRUE,FALSE,FALSE
26.38377092,64.22971365,FALSE,FALSE,FALSE,TRUE
22.67077853,39.67077853,FALSE,FALSE,TRUE,FALSE
9.590691463,14.59069146,FALSE,TRUE,FALSE,FALSE
32.78789307,42.78789307,TRUE,FALSE,FALSE,FALSE
13.35398395,30.35398395,FALSE,FALSE,TRUE,FALSE
2.069902523,19.06990252,FALSE,FALSE,TRUE,FALSE
29.40078102,39.40078102,TRUE,FALSE,FALSE,FALSE
8.792869894,13.79286989,FALSE,TRUE,FALSE,FALSE
42.38017771,47.38017771,FALSE,TRUE,FALSE,FALSE
42.97285739,59.97285739,FALSE,FALSE,TRUE,FALSE
41.25403317,46.25403317,FALSE,TRUE,FALSE,FALSE
17.28698281,42.28698281,FALSE,FALSE,FALSE,TRUE
1.680091127,11.68009113,TRUE,FALSE,FALSE,FALSE
41.84601675,83.55752094,FALSE,FALSE,FALSE,TRUE
19.84010253,24.84010253,FALSE,TRUE,FALSE,FALSE
43.53281204,60.53281204,FALSE,FALSE,TRUE,FALSE
43.39927899,53.39927899,TRUE,FALSE,FALSE,FALSE
38.53241604,43.53241604,FALSE,TRUE,FALSE,FALSE
13.95575125,23.69468906,FALSE,TRUE,FALSE,FALSE
17.94430006,34.94430006,FALSE,FALSE,TRUE,FALSE
38.45001355,55.45001355,FALSE,FALSE,TRUE,FALSE
14.94456823,39.94456823,FALSE,FALSE,FALSE,TRUE
8.457680854,18.45768085,TRUE,FALSE,FALSE,FALSE
25.49925555,35.49925555,TRUE,FALSE,FALSE,FALSE
42.19081006,59.19081006,FALSE,FALSE,TRUE,FALSE
31.62531105,70.78163882,FALSE,FALSE,FALSE,TRUE
26.08269148,36.08269148,TRUE,FALSE,FALSE,FALSE
5.275765726,27.84470716,FALSE,FALSE,TRUE,FALSE
28.06031797,33.06031797,FALSE,TRUE,FALSE,FALSE
44.5623694,54.5623694,TRUE,FALSE,FALSE,FALSE
7.16369667,32.16369667,FALSE,FALSE,FALSE,TRUE
23.8065047,61.00813088,FALSE,FALSE,FALSE,TRUE
39.60441516,64.60441516,FALSE,FALSE,FALSE,TRUE
33.59381918,38.59381918,FALSE,TRUE,FALSE,FALSE
31.6686926,41.6686926,TRUE,FALSE,FALSE,FALSE
31.9092997,52.38662462,TRUE,FALSE,FALSE,FALSE
16.81761065,21.81761065,FALSE,TRUE,FALSE,FALSE
13.91804115,23.91804115,TRUE,FALSE,FALSE,FALSE
36.61189084,52.01486355,FALSE,TRUE,FALSE,FALSE
36.64498937,41.64498937,FALSE,TRUE,FALSE,FALSE
39.15118202,44.15118202,FALSE,TRUE,FALSE,FALSE
41.18258431,66.18258431,FALSE,FALSE,FALSE,TRUE
23.49906555,33.49906555,TRUE,FALSE,FALSE,FALSE
23.06671697,28.06671697,FALSE,TRUE,FALSE,FALSE
36.12498787,46.12498787,TRUE,FALSE,FALSE,FALSE
29.59841295,54.59841295,FALSE,FALSE,FALSE,TRUE
31.8865426,36.8865426,FALSE,TRUE,FALSE,FALSE
36.01487746,53.01487746,FALSE,FALSE,TRUE,FALSE
40.16023504,65.16023504,FALSE,FALSE,FALSE,TRUE
15.8717869,32.8717869,FALSE,FALSE,TRUE,FALSE
17.52564992,34.4070624,TRUE,FALSE,FALSE,FALSE
5.135205353,15.13520535,TRUE,FALSE,FALSE,FALSE
26.4443262,51.4443262,FALSE,FALSE,FALSE,TRUE
2.581460047,12.58146005,TRUE,FALSE,FALSE,FALSE
21.4863128,38.4863128,FALSE,FALSE,TRUE,FALSE
24.87636393,37.34545491,FALSE,TRUE,FALSE,FALSE
13.60781509,18.60781509,FALSE,TRUE,FALSE,FALSE
26.99666347,39.99582933,FALSE,TRUE,FALSE,FALSE
2.342010997,27.342011,FALSE,FALSE,FALSE,TRUE
2.643320305,12.6433203,TRUE,FALSE,FALSE,FALSE
37.19442467,67.74303084,FALSE,FALSE,TRUE,FALSE
16.84838822,26.84838822,TRUE,FALSE,FALSE,FALSE
6.590662557,16.59066256,TRUE,FALSE,FALSE,FALSE
23.97870344,33.97870344,TRUE,FALSE,FALSE,FALSE
34.87971634,39.87971634,FALSE,TRUE,FALSE,FALSE
10.49612521,27.49612521,FALSE,FALSE,TRUE,FALSE
28.40718094,45.40718094,FALSE,FALSE,TRUE,FALSE
4.75528846,14.75528846,TRUE,FALSE,FALSE,FALSE
3.273995731,8.273995731,FALSE,TRUE,FALSE,FALSE
24.37960379,29.37960379,FALSE,TRUE,FALSE,FALSE
24.78794535,41.78794535,FALSE,FALSE,TRUE,FALSE
29.04691567,34.04691567,FALSE,TRUE,FALSE,FALSE
32.94801868,37.94801868,FALSE,TRUE,FALSE,FALSE
43.9374915,48.9374915,FALSE,TRUE,FALSE,FALSE
23.71721533,48.71721533,FALSE,FALSE,FALSE,TRUE
15.21008481,25.21008481,TRUE,FALSE,FALSE,FALSE
35.98819257,52.98819257,FALSE,FALSE,TRUE,FALSE
12.91661906,29.91661906,FALSE,FALSE,TRUE,FALSE
20.31474251,45.31474251,FALSE,FALSE,FALSE,TRUE
4.452080779,14.45208078,TRUE,FALSE,FALSE,FALSE
2.11543271,19.11543271,FALSE,FALSE,TRUE,FALSE
43.35653025,48.35653025,FALSE,TRUE,FALSE,FALSE
37.7831253,54.7831253,FALSE,FALSE,TRUE,FALSE
31.62286507,36.62286507,FALSE,TRUE,FALSE,FALSE
18.99392955,43.99392955,FALSE,FALSE,FALSE,TRUE
8.624950083,13.62495008,FALSE,TRUE,FALSE,FALSE
7.883229878,31.10403735,FALSE,FALSE,TRUE,FALSE
12.01068752,29.01068752,FALSE,FALSE,TRUE,FALSE
25.16597325,42.16597325,FALSE,FALSE,TRUE,FALSE
32.4422206,57.4422206,FALSE,FALSE,FALSE,TRUE
30.04868458,68.81085572,FALSE,FALSE,FALSE,TRUE
13.31709147,23.31709147,TRUE,FALSE,FALSE,FALSE
43.01407235,60.01407235,FALSE,FALSE,TRUE,FALSE
33.46746433,48.08433042,FALSE,TRUE,FALSE,FALSE
25.39157831,50.39157831,FALSE,FALSE,FALSE,TRUE
27.91571283,44.91571283,FALSE,FALSE,TRUE,FALSE
19.46240275,36.46240275,FALSE,FALSE,TRUE,FALSE
11.90016354,36.90016354,FALSE,FALSE,FALSE,TRUE
16.66279786,26.66279786,TRUE,FALSE,FALSE,FALSE
34.34522886,74.18153608,FALSE,FALSE,FALSE,TRUE
1.6333135,33.29164187,FALSE,FALSE,FALSE,TRUE
6.107196182,11.10719618,FALSE,TRUE,FALSE,FALSE
3.024116249,8.024116249,FALSE,TRUE,FALSE,FALSE
2.792067302,12.7920673,TRUE,FALSE,FALSE,FALSE
38.6402657,55.6402657,FALSE,FALSE,TRUE,FALSE
31.96094581,56.96094581,FALSE,FALSE,FALSE,TRUE
21.86364848,31.86364848,TRUE,FALSE,FALSE,FALSE
5.304703069,10.30470307,FALSE,TRUE,FALSE,FALSE
22.63109851,47.63109851,FALSE,FALSE,FALSE,TRUE
21.83275791,38.83275791,FALSE,FALSE,TRUE,FALSE
8.620882276,13.62088228,FALSE,TRUE,FALSE,FALSE
20.08947257,31.36184071,FALSE,TRUE,FALSE,FALSE
18.53420831,23.53420831,FALSE,TRUE,FALSE,FALSE
28.09740431,38.09740431,TRUE,FALSE,FALSE,FALSE
28.94412064,45.94412064,FALSE,FALSE,TRUE,FALSE
2.99337643,27.99337643,FALSE,FALSE,FALSE,TRUE
17.48295504,27.48295504,TRUE,FALSE,FALSE,FALSE
28.53783629,38.53783629,TRUE,FALSE,FALSE,FALSE
23.13799538,33.13799538,TRUE,FALSE,FALSE,FALSE
38.68555301,43.68555301,FALSE,TRUE,FALSE,FALSE
29.98251979,46.98251979,FALSE,FALSE,TRUE,FALSE
8.169114792,18.16911479,TRUE,FALSE,FALSE,FALSE
4.105024886,29.10502489,FALSE,FALSE,FALSE,TRUE
29.26644824,46.26644824,FALSE,FALSE,TRUE,FALSE
2.166497664,27.16649766,FALSE,FALSE,FALSE,TRUE
26.77412558,54.71765697,FALSE,FALSE,TRUE,FALSE
42.37013062,67.37013062,FALSE,FALSE,FALSE,TRUE
26.32086383,31.32086383,FALSE,TRUE,FALSE,FALSE
18.07947675,28.07947675,TRUE,FALSE,FALSE,FALSE
29.30468161,54.30468161,FALSE,FALSE,FALSE,TRUE
21.16312718,38.16312718,FALSE,FALSE,TRUE,FALSE
25.00713873,43.75892341,TRUE,FALSE,FALSE,FALSE
42.42445159,52.42445159,TRUE,FALSE,FALSE,FALSE
17.98851606,34.98851606,FALSE,FALSE,TRUE,FALSE
43.29238481,68.29238481,FALSE,FALSE,FALSE,TRUE
40.83542825,45.83542825,FALSE,TRUE,FALSE,FALSE
9.614809931,14.61480993,FALSE,TRUE,FALSE,FALSE
4.051897239,29.05189724,FALSE,FALSE,FALSE,TRUE
5.434232061,15.43423206,TRUE,FALSE,FALSE,FALSE
1.801760329,11.80176033,TRUE,FALSE,FALSE,FALSE
5.155490273,18.94436284,TRUE,FALSE,FALSE,FALSE
31.05229803,41.05229803,TRUE,FALSE,FALSE,FALSE
4.132300532,29.13230053,FALSE,FALSE,FALSE,TRUE
15.03492773,31.29365967,TRUE,FALSE,FALSE,FALSE
38.17451368,68.9681421,FALSE,FALSE,TRUE,FALSE
2.023965172,15.02995647,TRUE,FALSE,FALSE,FALSE
36.83661323,41.83661323,FALSE,TRUE,FALSE,FALSE
13.40161009,29.25201261,TRUE,FALSE,FALSE,FALSE
6.199252415,31.19925242,FALSE,FALSE,FALSE,TRUE
31.65643528,36.65643528,FALSE,TRUE,FALSE,FALSE
28.67348526,53.67348526,FALSE,FALSE,FALSE,TRUE
39.6087686,64.6087686,FALSE,FALSE,FALSE,TRUE
33.34312593,38.34312593,FALSE,TRUE,FALSE,FALSE
36.35316094,76.69145117,FALSE,FALSE,FALSE,TRUE
13.40952119,38.40952119,FALSE,FALSE,FALSE,TRUE
8.807339926,18.80733993,TRUE,FALSE,FALSE,FALSE
34.02704907,51.02704907,FALSE,FALSE,TRUE,FALSE
36.50072853,61.50072853,FALSE,FALSE,FALSE,TRUE
44.58222625,69.58222625,FALSE,FALSE,FALSE,TRUE
19.15517778,44.15517778,FALSE,FALSE,FALSE,TRUE
17.36879577,27.36879577,TRUE,FALSE,FALSE,FALSE
35.16217027,52.16217027,FALSE,FALSE,TRUE,FALSE
15.99535577,26.24419471,FALSE,TRUE,FALSE,FALSE
41.95332233,51.95332233,TRUE,FALSE,FALSE,FALSE
38.77016108,60.96270135,TRUE,FALSE,FALSE,FALSE
19.8757372,36.8757372,FALSE,FALSE,TRUE,FALSE
34.03832698,51.03832698,FALSE,FALSE,TRUE,FALSE
34.19988646,44.19988646,TRUE,FALSE,FALSE,FALSE
5.537450229,13.17181279,FALSE,TRUE,FALSE,FALSE
40.71232789,50.71232789,TRUE,FALSE,FALSE,FALSE
23.23110439,40.23110439,FALSE,FALSE,TRUE,FALSE
37.36412851,42.36412851,FALSE,TRUE,FALSE,FALSE
15.08218245,32.08218245,FALSE,FALSE,TRUE,FALSE
40.40302205,45.40302205,FALSE,TRUE,FALSE,FALSE
18.12487386,43.12487386,FALSE,FALSE,FALSE,TRUE
1.476856665,18.47685667,FALSE,FALSE,TRUE,FALSE
40.83680696,57.83680696,FALSE,FALSE,TRUE,FALSE
5.016613779,15.01661378,TRUE,FALSE,FALSE,FALSE
15.04980005,32.04980005,FALSE,FALSE,TRUE,FALSE
42.80272655,59.80272655,FALSE,FALSE,TRUE,FALSE
42.82671447,67.82671447,FALSE,FALSE,FALSE,TRUE
26.23126708,43.23126708,FALSE,FALSE,TRUE,FALSE
28.80083734,53.80083734,FALSE,FALSE,FALSE,TRUE
20.73160297,45.73160297,FALSE,FALSE,FALSE,TRUE
13.90127395,38.90127395,FALSE,FALSE,FALSE,TRUE
15.46124,50.57655,FALSE,FALSE,FALSE,TRUE
30.59081207,35.59081207,FALSE,TRUE,FALSE,FALSE
34.1044793,44.1044793,TRUE,FALSE,FALSE,FALSE
35.82947792,40.82947792,FALSE,TRUE,FALSE,FALSE
35.74319828,52.74319828,FALSE,FALSE,TRUE,FALSE
5.013068534,12.51633567,FALSE,TRUE,FALSE,FALSE
22.75449341,27.75449341,FALSE,TRUE,FALSE,FALSE
3.532585441,20.53258544,FALSE,FALSE,TRUE,FALSE
25.17927082,42.17927082,FALSE,FALSE,TRUE,FALSE
20.42734206,46.78417758,FALSE,FALSE,TRUE,FALSE
40.05898404,56.32373005,FALSE,TRUE,FALSE,FALSE
16.44026055,21.44026055,FALSE,TRUE,FALSE,FALSE
6.150948723,23.15094872,FALSE,FALSE,TRUE,FALSE
7.29163401,21.61454251,TRUE,FALSE,FALSE,FALSE
34.5064678,55.63308474,TRUE,FALSE,FALSE,FALSE
28.20159479,66.50199348,FALSE,FALSE,FALSE,TRUE
5.449397749,28.06174719,FALSE,FALSE,TRUE,FALSE
4.700699469,29.70069947,FALSE,FALSE,FALSE,TRUE
31.84264178,41.84264178,TRUE,FALSE,FALSE,FALSE
4.20157228,29.20157228,FALSE,FALSE,FALSE,TRUE
37.16184261,54.16184261,FALSE,FALSE,TRUE,FALSE
32.07465799,61.34332249,FALSE,FALSE,TRUE,FALSE
4.579346348,21.57934635,FALSE,FALSE,TRUE,FALSE
4.73285942,9.73285942,FALSE,TRUE,FALSE,FALSE
44.41214145,69.41214145,FALSE,FALSE,FALSE,TRUE
17.46791501,27.46791501,TRUE,FALSE,FALSE,FALSE
17.30825447,27.30825447,TRUE,FALSE,FALSE,FALSE
36.76318096,46.76318096,TRUE,FALSE,FALSE,FALSE
42.6789374,59.59867176,FALSE,TRUE,FALSE,FALSE
44.38404681,49.38404681,FALSE,TRUE,FALSE,FALSE
34.14864015,51.14864015,FALSE,FALSE,TRUE,FALSE
17.55542176,27.55542176,TRUE,FALSE,FALSE,FALSE
4.674031535,9.674031535,FALSE,TRUE,FALSE,FALSE
35.1944643,52.1944643,FALSE,FALSE,TRUE,FALSE
25.56978699,35.56978699,TRUE,FALSE,FALSE,FALSE
19.66576841,55.83221051,FALSE,FALSE,FALSE,TRUE
40.87959294,57.87959294,FALSE,FALSE,TRUE,FALSE
5.892689221,10.89268922,FALSE,TRUE,FALSE,FALSE
22.67550459,27.67550459,FALSE,TRUE,FALSE,FALSE
1.49956037,18.49956037,FALSE,FALSE,TRUE,FALSE
21.62106825,38.62106825,FALSE,FALSE,TRUE,FALSE
3.47734413,8.47734413,FALSE,TRUE,FALSE,FALSE
6.227988316,31.22798832,FALSE,FALSE,FALSE,TRUE
6.171154858,16.17115486,TRUE,FALSE,FALSE,FALSE
29.56525329,54.56525329,FALSE,FALSE,FALSE,TRUE
33.82597469,50.82597469,FALSE,FALSE,TRUE,FALSE
26.66822566,51.66822566,FALSE,FALSE,FALSE,TRUE
43.33559213,60.41949017,FALSE,TRUE,FALSE,FALSE
17.4943055,43.11788187,FALSE,FALSE,TRUE,FALSE
13.5713318,23.5713318,TRUE,FALSE,FALSE,FALSE
39.21836164,44.21836164,FALSE,TRUE,FALSE,FALSE
10.83821689,15.83821689,FALSE,TRUE,FALSE,FALSE
43.38179174,53.38179174,TRUE,FALSE,FALSE,FALSE
1.534796886,11.53479689,TRUE,FALSE,FALSE,FALSE
43.67466838,68.67466838,FALSE,FALSE,FALSE,TRUE
2.899036126,19.89903613,FALSE,FALSE,TRUE,FALSE
40.210297,62.76287125,TRUE,FALSE,FALSE,FALSE
24.2188488,34.2188488,TRUE,FALSE,FALSE,FALSE
44.69045103,61.69045103,FALSE,FALSE,TRUE,FALSE
4.247048848,14.24704885,TRUE,FALSE,FALSE,FALSE
25.36958851,35.36958851,TRUE,FALSE,FALSE,FALSE
43.64931157,68.64931157,FALSE,FALSE,FALSE,TRUE
24.01630514,29.01630514,FALSE,TRUE,FALSE,FALSE
28.69354008,33.69354008,FALSE,TRUE,FALSE,FALSE
31.61294232,36.61294232,FALSE,TRUE,FALSE,FALSE
20.99980685,25.99980685,FALSE,TRUE,FALSE,FALSE
28.61255552,48.2656944,TRUE,FALSE,FALSE,FALSE
26.70982972,43.70982972,FALSE,FALSE,TRUE,FALSE
40.65095246,57.65095246,FALSE,FALSE,TRUE,FALSE
2.999640735,27.99964074,FALSE,FALSE,FALSE,TRUE
13.36238034,47.95297543,FALSE,FALSE,FALSE,TRUE
42.8181053,52.8181053,TRUE,FALSE,FALSE,FALSE
40.17160649,57.17160649,FALSE,FALSE,TRUE,FALSE
21.04889712,38.04889712,FALSE,FALSE,TRUE,FALSE
28.2858343,33.2858343,FALSE,TRUE,FALSE,FALSE
13.20477205,29.00596506,TRUE,FALSE,FALSE,FALSE
9.277331028,19.27733103,TRUE,FALSE,FALSE,FALSE
21.40272982,26.40272982,FALSE,TRUE,FALSE,FALSE
16.54749803,26.54749803,TRUE,FALSE,FALSE,FALSE
26.68086892,36.68086892,TRUE,FALSE,FALSE,FALSE
4.420324026,29.42032403,FALSE,FALSE,FALSE,TRUE
43.87337154,60.87337154,FALSE,FALSE,TRUE,FALSE
44.39327276,54.39327276,TRUE,FALSE,FALSE,FALSE
31.71911542,56.71911542,FALSE,FALSE,FALSE,TRUE
24.58824012,41.58824012,FALSE,FALSE,TRUE,FALSE
14.61921512,19.61921512,FALSE,TRUE,FALSE,FALSE
36.80698087,61.80698087,FALSE,FALSE,FALSE,TRUE
31.12817159,56.12817159,FALSE,FALSE,FALSE,TRUE
8.155145331,25.15514533,FALSE,FALSE,TRUE,FALSE
41.08079612,46.08079612,FALSE,TRUE,FALSE,FALSE
37.19163869,62.19163869,FALSE,FALSE,FALSE,TRUE
42.79119618,52.79119618,TRUE,FALSE,FALSE,FALSE
32.93165837,53.66457296,TRUE,FALSE,FALSE,FALSE
27.99026862,37.99026862,TRUE,FALSE,FALSE,FALSE
19.4026936,24.4026936,FALSE,TRUE,FALSE,FALSE
42.04005327,67.04005327,FALSE,FALSE,FALSE,TRUE
39.10681114,49.10681114,TRUE,FALSE,FALSE,FALSE
2.989621485,9.987026856,FALSE,TRUE,FALSE,FALSE
2.160146878,12.16014688,TRUE,FALSE,FALSE,FALSE
17.56438814,34.56438814,FALSE,FALSE,TRUE,FALSE
36.66434655,61.66434655,FALSE,FALSE,FALSE,TRUE
44.44014969,69.44014969,FALSE,FALSE,FALSE,TRUE
7.618343209,12.61834321,FALSE,TRUE,FALSE,FALSE
27.14175148,32.14175148,FALSE,TRUE,FALSE,FALSE
17.75919769,53.44899711,FALSE,FALSE,FALSE,TRUE
43.6762335,53.6762335,TRUE,FALSE,FALSE,FALSE
38.05323262,48.05323262,TRUE,FALSE,FALSE,FALSE
37.88646301,54.88646301,FALSE,FALSE,TRUE,FALSE
21.62249903,31.62249903,TRUE,FALSE,FALSE,FALSE
19.2520581,24.2520581,FALSE,TRUE,FALSE,FALSE
13.02991116,18.02991116,FALSE,TRUE,FALSE,FALSE
3.480521853,13.48052185,TRUE,FALSE,FALSE,FALSE
39.04778456,44.04778456,FALSE,TRUE,FALSE,FALSE
36.7676444,61.7676444,FALSE,FALSE,FALSE,TRUE
44.98757762,87.48447203,FALSE,FALSE,FALSE,TRUE
44.85202083,68.56502604,TRUE,FALSE,FALSE,FALSE
25.43899505,50.43899505,FALSE,FALSE,FALSE,TRUE
34.83544627,74.79430783,FALSE,FALSE,FALSE,TRUE
42.56969211,59.56969211,FALSE,FALSE,TRUE,FALSE
38.38448519,55.38448519,FALSE,FALSE,TRUE,FALSE
11.88331648,36.88331648,FALSE,FALSE,FALSE,TRUE
20.82394195,30.82394195,TRUE,FALSE,FALSE,FALSE
6.683014267,23.68301427,FALSE,FALSE,TRUE,FALSE
42.9782452,47.9782452,FALSE,TRUE,FALSE,FALSE
27.67168392,40.83960489,FALSE,TRUE,FALSE,FALSE
11.06028344,20.0753543,FALSE,TRUE,FALSE,FALSE
30.55483011,40.55483011,TRUE,FALSE,FALSE,FALSE
28.19764258,53.19764258,FALSE,FALSE,FALSE,TRUE
16.75915959,21.75915959,FALSE,TRUE,FALSE,FALSE
5.996534057,15.99653406,TRUE,FALSE,FALSE,FALSE
30.54922061,47.54922061,FALSE,FALSE,TRUE,FALSE
23.89353884,61.11692355,FALSE,FALSE,FALSE,TRUE
34.98200924,51.98200924,FALSE,FALSE,TRUE,FALSE
23.88719405,33.88719405,TRUE,FALSE,FALSE,FALSE
38.49598601,54.36998252,FALSE,TRUE,FALSE,FALSE
25.28390091,30.28390091,FALSE,TRUE,FALSE,FALSE
25.68127075,35.68127075,TRUE,FALSE,FALSE,FALSE
39.57275852,44.57275852,FALSE,TRUE,FALSE,FALSE
18.75324611,43.75324611,FALSE,FALSE,FALSE,TRUE
6.896670052,21.12083756,TRUE,FALSE,FALSE,FALSE
2.266437758,19.26643776,FALSE,FALSE,TRUE,FALSE
34.22603925,44.22603925,TRUE,FALSE,FALSE,FALSE
28.29362026,66.61702532,FALSE,FALSE,FALSE,TRUE
31.9795098,56.9795098,FALSE,FALSE,FALSE,TRUE
10.37042311,25.46302888,TRUE,FALSE,FALSE,FALSE
7.000344926,17.00034493,TRUE,FALSE,FALSE,FALSE
1.639965289,8.299956612,FALSE,TRUE,FALSE,FALSE
16.42585259,41.42585259,FALSE,FALSE,FALSE,TRUE
26.95637822,36.95637822,TRUE,FALSE,FALSE,FALSE
18.25873798,28.25873798,TRUE,FALSE,FALSE,FALSE
20.24889657,45.24889657,FALSE,FALSE,FALSE,TRUE
40.78298256,50.78298256,TRUE,FALSE,FALSE,FALSE
16.32324055,21.32324055,FALSE,TRUE,FALSE,FALSE
23.61553752,48.61553752,FALSE,FALSE,FALSE,TRUE
35.48073256,50.6009157,FALSE,TRUE,FALSE,FALSE
18.44788242,23.44788242,FALSE,TRUE,FALSE,FALSE
28.37181481,33.37181481,FALSE,TRUE,FALSE,FALSE
38.94400318,43.94400318,FALSE,TRUE,FALSE,FALSE
42.77890744,67.77890744,FALSE,FALSE,FALSE,TRUE
7.471233161,12.47123316,FALSE,TRUE,FALSE,FALSE
41.76985551,46.76985551,FALSE,TRUE,FALSE,FALSE
22.6531169,32.6531169,TRUE,FALSE,FALSE,FALSE
12.36275309,37.36275309,FALSE,FALSE,FALSE,TRUE
21.20197327,46.20197327,FALSE,FALSE,FALSE,TRUE
44.12143331,61.12143331,FALSE,FALSE,TRUE,FALSE
22.67519614,59.59399517,FALSE,FALSE,FALSE,TRUE
15.46507085,40.46507085,FALSE,FALSE,FALSE,TRUE
28.86963759,57.33704699,FALSE,FALSE,TRUE,FALSE
11.56640723,45.70800903,FALSE,FALSE,FALSE,TRUE
4.337986437,29.33798644,FALSE,FALSE,FALSE,TRUE
6.670707764,31.67070776,FALSE,FALSE,FALSE,TRUE
6.634016914,31.63401691,FALSE,FALSE,FALSE,TRUE
7.683718515,24.68371851,FALSE,FALSE,TRUE,FALSE
7.108395597,32.1083956,FALSE,FALSE,FALSE,TRUE
29.19848877,54.19848877,FALSE,FALSE,FALSE,TRUE
9.002723714,26.00272371,FALSE,FALSE,TRUE,FALSE
16.20936047,32.76170058,TRUE,FALSE,FALSE,FALSE
40.45869004,45.45869004,FALSE,TRUE,FALSE,FALSE
21.85431217,31.85431217,TRUE,FALSE,FALSE,FALSE
30.37254049,59.21567562,FALSE,FALSE,TRUE,FALSE
8.582074333,13.58207433,FALSE,TRUE,FALSE,FALSE
9.460716828,26.46071683,FALSE,FALSE,TRUE,FALSE
2.798219116,19.79821912,FALSE,FALSE,TRUE,FALSE
8.433142775,33.43314278,FALSE,FALSE,FALSE,TRUE
13.25797492,22.82246865,FALSE,TRUE,FALSE,FALSE
8.788461308,33.78846131,FALSE,FALSE,FALSE,TRUE
4.902911485,9.902911485,FALSE,TRUE,FALSE,FALSE
6.307978328,23.30797833,FALSE,FALSE,TRUE,FALSE
21.27426579,38.27426579,FALSE,FALSE,TRUE,FALSE
10.07868361,20.07868361,TRUE,FALSE,FALSE,FALSE
17.02787389,22.02787389,FALSE,TRUE,FALSE,FALSE
23.15035992,48.15035992,FALSE,FALSE,FALSE,TRUE
31.37737246,41.37737246,TRUE,FALSE,FALSE,FALSE
2.729734153,12.72973415,TRUE,FALSE,FALSE,FALSE
36.17405755,46.17405755,TRUE,FALSE,FALSE,FALSE
28.62761714,53.62761714,FALSE,FALSE,FALSE,TRUE
4.597397406,14.59739741,TRUE,FALSE,FALSE,FALSE
39.43745946,64.43745946,FALSE,FALSE,FALSE,TRUE
41.51838562,51.51838562,TRUE,FALSE,FALSE,FALSE
3.687430234,28.68743023,FALSE,FALSE,FALSE,TRUE
13.18261652,37.72827065,FALSE,FALSE,TRUE,FALSE
36.47285631,53.47285631,FALSE,FALSE,TRUE,FALSE
33.92342638,50.92342638,FALSE,FALSE,TRUE,FALSE
9.118924852,26.11892485,FALSE,FALSE,TRUE,FALSE
10.21137023,34.01421278,FALSE,FALSE,TRUE,FALSE
17.30077252,27.30077252,TRUE,FALSE,FALSE,FALSE
22.31901135,32.31901135,TRUE,FALSE,FALSE,FALSE
28.20320995,38.20320995,TRUE,FALSE,FALSE,FALSE
17.23220014,42.23220014,FALSE,FALSE,FALSE,TRUE
21.35152751,46.35152751,FALSE,FALSE,FALSE,TRUE
33.88872128,58.88872128,FALSE,FALSE,FALSE,TRUE
2.614060927,27.61406093,FALSE,FALSE,FALSE,TRUE
12.10722555,29.10722555,FALSE,FALSE,TRUE,FALSE
32.38738178,49.38738178,FALSE,FALSE,TRUE,FALSE
40.38910086,57.38910086,FALSE,FALSE,TRUE,FALSE
23.51380745,35.64225932,FALSE,TRUE,FALSE,FALSE
24.41299335,43.01624169,TRUE,FALSE,FALSE,FALSE
5.715568499,30.7155685,FALSE,FALSE,FALSE,TRUE
20.68614414,45.68614414,FALSE,FALSE,FALSE,TRUE
24.43515972,41.43515972,FALSE,FALSE,TRUE,FALSE
11.66870216,36.66870216,FALSE,FALSE,FALSE,TRUE
12.84670216,37.84670216,FALSE,FALSE,FALSE,TRUE
17.60050318,27.60050318,TRUE,FALSE,FALSE,FALSE
1.883132702,18.8831327,FALSE,FALSE,TRUE,FALSE
15.17148329,31.46435411,TRUE,FALSE,FALSE,FALSE
10.30371231,15.30371231,FALSE,TRUE,FALSE,FALSE
15.4098835,20.4098835,FALSE,TRUE,FALSE,FALSE
6.2695338,14.08691725,FALSE,TRUE,FALSE,FALSE
40.18320035,57.18320035,FALSE,FALSE,TRUE,FALSE
27.11806796,65.14758495,FALSE,FALSE,FALSE,TRUE
30.88050204,47.88050204,FALSE,FALSE,TRUE,FALSE
35.7235345,65.90441812,FALSE,FALSE,TRUE,FALSE
22.93145675,47.93145675,FALSE,FALSE,FALSE,TRUE
4.824492676,14.82449268,TRUE,FALSE,FALSE,FALSE
24.63268784,29.63268784,FALSE,TRUE,FALSE,FALSE
26.82100919,36.82100919,TRUE,FALSE,FALSE,FALSE
33.79933686,38.79933686,FALSE,TRUE,FALSE,FALSE
19.99302003,36.99302003,FALSE,FALSE,TRUE,FALSE
6.613533323,11.61353332,FALSE,TRUE,FALSE,FALSE
13.48613986,30.48613986,FALSE,FALSE,TRUE,FALSE
16.97562104,26.97562104,TRUE,FALSE,FALSE,FALSE
29.42035862,46.42035862,FALSE,FALSE,TRUE,FALSE
26.11424541,36.11424541,TRUE,FALSE,FALSE,FALSE
16.66825594,41.66825594,FALSE,FALSE,FALSE,TRUE
44.40667095,86.75833868,FALSE,FALSE,FALSE,TRUE
27.65409205,52.65409205,FALSE,FALSE,FALSE,TRUE
11.43797884,28.43797884,FALSE,FALSE,TRUE,FALSE
5.478428795,38.09803599,FALSE,FALSE,FALSE,TRUE
7.725802124,12.72580212,FALSE,TRUE,FALSE,FALSE
11.82214005,21.82214005,TRUE,FALSE,FALSE,FALSE
8.069980423,18.06998042,TRUE,FALSE,FALSE,FALSE
9.208949058,14.20894906,FALSE,TRUE,FALSE,FALSE
13.54418742,30.54418742,FALSE,FALSE,TRUE,FALSE
8.628438193,25.62843819,FALSE,FALSE,TRUE,FALSE
40.45767868,50.45767868,TRUE,FALSE,FALSE,FALSE
4.530284809,29.53028481,FALSE,FALSE,FALSE,TRUE
24.07850114,41.07850114,FALSE,FALSE,TRUE,FALSE
19.05746039,36.05746039,FALSE,FALSE,TRUE,FALSE
44.22465914,49.22465914,FALSE,TRUE,FALSE,FALSE
5.929711695,10.9297117,FALSE,TRUE,FALSE,FALSE
18.50564636,43.50564636,FALSE,FALSE,FALSE,TRUE
43.65669906,60.65669906,FALSE,FALSE,TRUE,FALSE
39.08231354,70.10289192,FALSE,FALSE,TRUE,FALSE
36.95117112,41.95117112,FALSE,TRUE,FALSE,FALSE
12.34772439,29.34772439,FALSE,FALSE,TRUE,FALSE
8.519053845,18.51905385,TRUE,FALSE,FALSE,FALSE
30.42030168,35.42030168,FALSE,TRUE,FALSE,FALSE
41.89254352,66.89254352,FALSE,FALSE,FALSE,TRUE
25.49756729,30.49756729,FALSE,TRUE,FALSE,FALSE
26.15095834,43.15095834,FALSE,FALSE,TRUE,FALSE
13.31908012,38.31908012,FALSE,FALSE,FALSE,TRUE
34.85768906,39.85768906,FALSE,TRUE,FALSE,FALSE
9.229924937,19.22992494,TRUE,FALSE,FALSE,FALSE
15.2418864,25.2418864,TRUE,FALSE,FALSE,FALSE
19.7192033,24.7192033,FALSE,TRUE,FALSE,FALSE
23.33485666,33.33485666,TRUE,FALSE,FALSE,FALSE
11.66602823,27.08253528,TRUE,FALSE,FALSE,FALSE
6.052820289,16.05282029,TRUE,FALSE,FALSE,FALSE
27.86728187,52.86728187,FALSE,FALSE,FALSE,TRUE
13.69974434,29.62468043,TRUE,FALSE,FALSE,FALSE
26.57448174,36.57448174,TRUE,FALSE,FALSE,FALSE
7.791959472,22.23994934,TRUE,FALSE,FALSE,FALSE
22.17016448,47.17016448,FALSE,FALSE,FALSE,TRUE
24.43393503,29.43393503,FALSE,TRUE,FALSE,FALSE
3.28023562,20.28023562,FALSE,FALSE,TRUE,FALSE
15.81058824,25.81058824,TRUE,FALSE,FALSE,FALSE
6.914245785,11.91424579,FALSE,TRUE,FALSE,FALSE
3.788498701,13.7884987,TRUE,FALSE,FALSE,FALSE
44.55825023,69.55825023,FALSE,FALSE,FALSE,TRUE
15.18356918,20.18356918,FALSE,TRUE,FALSE,FALSE
36.63447562,61.63447562,FALSE,FALSE,FALSE,TRUE
12.20418881,22.20418881,TRUE,FALSE,FALSE,FALSE
30.98611978,40.98611978,TRUE,FALSE,FALSE,FALSE
34.45002584,59.45002584,FALSE,FALSE,FALSE,TRUE
27.20810459,44.20810459,FALSE,FALSE,TRUE,FALSE
21.7493523,46.7493523,FALSE,FALSE,FALSE,TRUE
19.12100022,29.12100022,TRUE,FALSE,FALSE,FALSE
16.35020373,41.35020373,FALSE,FALSE,FALSE,TRUE
41.89928235,58.89928235,FALSE,FALSE,TRUE,FALSE
37.54725394,62.54725394,FALSE,FALSE,FALSE,TRUE
43.46118407,60.46118407,FALSE,FALSE,TRUE,FALSE
6.469077833,23.46907783,FALSE,FALSE,TRUE,FALSE
33.15816891,58.15816891,FALSE,FALSE,FALSE,TRUE
42.2869801,67.2869801,FALSE,FALSE,FALSE,TRUE
8.974254911,17.46781864,FALSE,TRUE,FALSE,FALSE
3.925835764,13.92583576,TRUE,FALSE,FALSE,FALSE
33.60930857,50.60930857,FALSE,FALSE,TRUE,FALSE
26.27681698,31.27681698,FALSE,TRUE,FALSE,FALSE
38.04046618,78.80058272,FALSE,FALSE,FALSE,TRUE
7.149984572,17.14998457,TRUE,FALSE,FALSE,FALSE
35.99176172,51.23970215,FALSE,TRUE,FALSE,FALSE
9.871602082,26.87160208,FALSE,FALSE,TRUE,FALSE
8.200861486,13.20086149,FALSE,TRUE,FALSE,FALSE
8.227695109,25.22769511,FALSE,FALSE,TRUE,FALSE
36.84128769,61.84128769,FALSE,FALSE,FALSE,TRUE
30.26867771,40.26867771,TRUE,FALSE,FALSE,FALSE
24.01487869,34.01487869,TRUE,FALSE,FALSE,FALSE
16.7885413,26.7885413,TRUE,FALSE,FALSE,FALSE
39.5968238,80.74602974,FALSE,FALSE,FALSE,TRUE
18.26758473,35.26758473,FALSE,FALSE,TRUE,FALSE
36.93037534,61.93037534,FALSE,FALSE,FALSE,TRUE
20.32193598,30.32193598,TRUE,FALSE,FALSE,FALSE
17.58555489,42.58555489,FALSE,FALSE,FALSE,TRUE
21.35791057,46.35791057,FALSE,FALSE,FALSE,TRUE
14.26062646,39.26062646,FALSE,FALSE,FALSE,TRUE
33.89481273,63.61851591,FALSE,FALSE,TRUE,FALSE
23.11969716,28.11969716,FALSE,TRUE,FALSE,FALSE
11.21735859,16.21735859,FALSE,TRUE,FALSE,FALSE
40.58128122,81.97660153,FALSE,FALSE,FALSE,TRUE
17.89121374,22.89121374,FALSE,TRUE,FALSE,FALSE
24.91632589,29.91632589,FALSE,TRUE,FALSE,FALSE
40.88477288,82.3559661,FALSE,FALSE,FALSE,TRUE
28.46647182,53.46647182,FALSE,FALSE,FALSE,TRUE
6.143513791,16.14351379,TRUE,FALSE,FALSE,FALSE
42.35261344,47.35261344,FALSE,TRUE,FALSE,FALSE
28.61915434,45.61915434,FALSE,FALSE,TRUE,FALSE
15.73584704,40.73584704,FALSE,FALSE,FALSE,TRUE
7.127971197,17.1279712,TRUE,FALSE,FALSE,FALSE
35.93710833,66.17138541,FALSE,FALSE,TRUE,FALSE
28.28320126,41.60400158,FALSE,TRUE,FALSE,FALSE
24.47228805,34.47228805,TRUE,FALSE,FALSE,FALSE
40.33127365,65.33127365,FALSE,FALSE,FALSE,TRUE
35.69827729,52.69827729,FALSE,FALSE,TRUE,FALSE
7.673694708,32.67369471,FALSE,FALSE,FALSE,TRUE
14.71577098,24.64471373,FALSE,TRUE,FALSE,FALSE
11.93352215,28.93352215,FALSE,FALSE,TRUE,FALSE
33.73363687,38.73363687,FALSE,TRUE,FALSE,FALSE
2.475427128,9.34428391,FALSE,TRUE,FALSE,FALSE
26.07514613,36.07514613,TRUE,FALSE,FALSE,FALSE
34.54818217,74.43522772,FALSE,FALSE,FALSE,TRUE
39.57768802,56.57768802,FALSE,FALSE,TRUE,FALSE
16.05159694,21.05159694,FALSE,TRUE,FALSE,FALSE
37.13532141,52.66915176,FALSE,TRUE,FALSE,FALSE
5.867796426,22.86779643,FALSE,FALSE,TRUE,FALSE
38.24390084,43.24390084,FALSE,TRUE,FALSE,FALSE
6.609501143,20.76187643,TRUE,FALSE,FALSE,FALSE
18.48064078,28.48064078,TRUE,FALSE,FALSE,FALSE
36.08099609,46.08099609,TRUE,FALSE,FALSE,FALSE
7.596366803,21.9954585,TRUE,FALSE,FALSE,FALSE
11.08706139,16.08706139,FALSE,TRUE,FALSE,FALSE
32.77911301,62.22389126,FALSE,FALSE,TRUE,FALSE
32.68160761,49.68160761,FALSE,FALSE,TRUE,FALSE
29.21049585,46.21049585,FALSE,FALSE,TRUE,FALSE
31.53373156,48.53373156,FALSE,FALSE,TRUE,FALSE
24.87987551,49.87987551,FALSE,FALSE,FALSE,TRUE
12.07915859,36.34894824,FALSE,FALSE,TRUE,FALSE
16.21062371,41.21062371,FALSE,FALSE,FALSE,TRUE
8.990299539,33.99029954,FALSE,FALSE,FALSE,TRUE
40.9718247,50.9718247,TRUE,FALSE,FALSE,FALSE
26.66923897,51.66923897,FALSE,FALSE,FALSE,TRUE
18.63746234,23.63746234,FALSE,TRUE,FALSE,FALSE
21.32825536,57.9103192,FALSE,FALSE,FALSE,TRUE
42.68046694,52.68046694,TRUE,FALSE,FALSE,FALSE
7.747461737,40.93432717,FALSE,FALSE,FALSE,TRUE
26.79411261,31.79411261,FALSE,TRUE,FALSE,FALSE
23.25910187,28.25910187,FALSE,TRUE,FALSE,FALSE
27.90398636,41.12998295,FALSE,TRUE,FALSE,FALSE
1.796848088,11.79684809,TRUE,FALSE,FALSE,FALSE
39.37345199,49.37345199,TRUE,FALSE,FALSE,FALSE
42.01320443,59.01320443,FALSE,FALSE,TRUE,FALSE
25.86586008,35.86586008,TRUE,FALSE,FALSE,FALSE
31.65263625,36.65263625,FALSE,TRUE,FALSE,FALSE
41.58997277,46.58997277,FALSE,TRUE,FALSE,FALSE
32.11849991,42.11849991,TRUE,FALSE,FALSE,FALSE
7.711717888,40.88964736,FALSE,FALSE,FALSE,TRUE
26.35668785,45.44585981,TRUE,FALSE,FALSE,FALSE
27.69546204,37.69546204,TRUE,FALSE,FALSE,FALSE
19.66174954,24.66174954,FALSE,TRUE,FALSE,FALSE
33.40354637,50.40354637,FALSE,FALSE,TRUE,FALSE
42.11214865,47.11214865,FALSE,TRUE,FALSE,FALSE
41.72501457,73.40626821,FALSE,FALSE,TRUE,FALSE
20.83693234,25.83693234,FALSE,TRUE,FALSE,FALSE
5.982474017,15.98247402,TRUE,FALSE,FALSE,FALSE
44.33301275,61.66626594,FALSE,TRUE,FALSE,FALSE
37.9115158,42.9115158,FALSE,TRUE,FALSE,FALSE
6.485157973,14.35644747,FALSE,TRUE,FALSE,FALSE
41.51704284,51.51704284,TRUE,FALSE,FALSE,FALSE
39.27543993,49.27543993,TRUE,FALSE,FALSE,FALSE
23.82887451,33.82887451,TRUE,FALSE,FALSE,FALSE
27.01611917,37.01611917,TRUE,FALSE,FALSE,FALSE
18.55611897,35.55611897,FALSE,FALSE,TRUE,FALSE
3.409512108,20.40951211,FALSE,FALSE,TRUE,FALSE
15.74867863,40.74867863,FALSE,FALSE,FALSE,TRUE
36.32555174,46.32555174,TRUE,FALSE,FALSE,FALSE
1.203809012,18.20380901,FALSE,FALSE,TRUE,FALSE
15.67396355,25.84245444,FALSE,TRUE,FALSE,FALSE
18.51942252,28.51942252,TRUE,FALSE,FALSE,FALSE
24.64540653,49.64540653,FALSE,FALSE,FALSE,TRUE
41.47364712,66.47364712,FALSE,FALSE,FALSE,TRUE
16.23922375,41.23922375,FALSE,FALSE,FALSE,TRUE
16.26594088,21.26594088,FALSE,TRUE,FALSE,FALSE
33.45005492,50.45005492,FALSE,FALSE,TRUE,FALSE
20.8975894,25.8975894,FALSE,TRUE,FALSE,FALSE
10.88261221,20.88261221,TRUE,FALSE,FALSE,FALSE
20.90733871,45.90733871,FALSE,FALSE,FALSE,TRUE
7.197708897,15.24713612,FALSE,TRUE,FALSE,FALSE
8.761027406,13.76102741,FALSE,TRUE,FALSE,FALSE
22.928182,39.928182,FALSE,FALSE,TRUE,FALSE
19.43271978,36.43271978,FALSE,FALSE,TRUE,FALSE
41.25321965,66.25321965,FALSE,FALSE,FALSE,TRUE
16.94533156,21.94533156,FALSE,TRUE,FALSE,FALSE
26.54588741,31.54588741,FALSE,TRUE,FALSE,FALSE
28.81962867,45.81962867,FALSE,FALSE,TRUE,FALSE
1.57615609,6.57615609,FALSE,TRUE,FALSE,FALSE
30.19564437,35.19564437,FALSE,TRUE,FALSE,FALSE
8.833582542,13.83358254,FALSE,TRUE,FALSE,FALSE
43.28709397,60.28709397,FALSE,FALSE,TRUE,FALSE
7.541160021,32.54116002,FALSE,FALSE,FALSE,TRUE
19.24346144,29.24346144,TRUE,FALSE,FALSE,FALSE
4.755385395,29.7553854,FALSE,FALSE,FALSE,TRUE
44.86246708,54.86246708,TRUE,FALSE,FALSE,FALSE
23.09658045,35.12072557,FALSE,TRUE,FALSE,FALSE
27.19694076,52.19694076,FALSE,FALSE,FALSE,TRUE
3.951365005,13.95136501,TRUE,FALSE,FALSE,FALSE
33.9982607,50.9982607,FALSE,FALSE,TRUE,FALSE
10.2358461,34.04480762,FALSE,FALSE,TRUE,FALSE
40.51438874,65.51438874,FALSE,FALSE,FALSE,TRUE
10.02614418,35.02614418,FALSE,FALSE,FALSE,TRUE
9.390259709,14.39025971,FALSE,TRUE,FALSE,FALSE
2.608185385,27.60818539,FALSE,FALSE,FALSE,TRUE
21.77094558,26.77094558,FALSE,TRUE,FALSE,FALSE
25.85300986,38.56626233,FALSE,TRUE,FALSE,FALSE
3.891180135,20.89118013,FALSE,FALSE,TRUE,FALSE
35.12321513,52.12321513,FALSE,FALSE,TRUE,FALSE
20.94470873,30.94470873,TRUE,FALSE,FALSE,FALSE
24.07317185,41.07317185,FALSE,FALSE,TRUE,FALSE
20.39356087,46.74195108,FALSE,FALSE,TRUE,FALSE
18.63357468,54.54196835,FALSE,FALSE,FALSE,TRUE
25.62417458,42.62417458,FALSE,FALSE,TRUE,FALSE
7.830570821,17.83057082,TRUE,FALSE,FALSE,FALSE
9.004837742,42.50604718,FALSE,FALSE,FALSE,TRUE
38.91856732,48.91856732,TRUE,FALSE,FALSE,FALSE
42.62908033,59.62908033,FALSE,FALSE,TRUE,FALSE
17.42560992,27.42560992,TRUE,FALSE,FALSE,FALSE
12.91276562,37.91276562,FALSE,FALSE,FALSE,TRUE
29.3359799,34.3359799,FALSE,TRUE,FALSE,FALSE
18.98430353,28.98430353,TRUE,FALSE,FALSE,FALSE
2.116999649,12.11699965,TRUE,FALSE,FALSE,FALSE
7.870714284,32.87071428,FALSE,FALSE,FALSE,TRUE
32.50277807,57.50277807,FALSE,FALSE,FALSE,TRUE
29.99265344,39.99265344,TRUE,FALSE,FALSE,FALSE
2.19222367,19.19222367,FALSE,FALSE,TRUE,FALSE
10.76677513,20.76677513,TRUE,FALSE,FALSE,FALSE
11.16729105,36.16729105,FALSE,FALSE,FALSE,TRUE
30.56328072,35.56328072,FALSE,TRUE,FALSE,FALSE
1.867263661,6.867263661,FALSE,TRUE,FALSE,FALSE
5.580777607,22.58077761,FALSE,FALSE,TRUE,FALSE
36.19630776,46.19630776,TRUE,FALSE,FALSE,FALSE
8.85596513,17.31995641,FALSE,TRUE,FALSE,FALSE
29.72082875,39.72082875,TRUE,FALSE,FALSE,FALSE
11.48004237,45.60005296,FALSE,FALSE,FALSE,TRUE
5.375421281,10.37542128,FALSE,TRUE,FALSE,FALSE
11.6995764,28.6995764,FALSE,FALSE,TRUE,FALSE
32.779745,57.779745,FALSE,FALSE,FALSE,TRUE
38.6506446,55.6506446,FALSE,FALSE,TRUE,FALSE
37.52967404,62.52967404,FALSE,FALSE,FALSE,TRUE
18.4760753,23.4760753,FALSE,TRUE,FALSE,FALSE
30.39574601,47.39574601,FALSE,FALSE,TRUE,FALSE
10.019309,27.019309,FALSE,FALSE,TRUE,FALSE
13.89850013,38.89850013,FALSE,FALSE,FALSE,TRUE
40.43877601,57.43877601,FALSE,FALSE,TRUE,FALSE
1.572084634,26.57208463,FALSE,FALSE,FALSE,TRUE
4.762375358,29.76237536,FALSE,FALSE,FALSE,TRUE
10.14699523,35.14699523,FALSE,FALSE,FALSE,TRUE
2.16741697,27.16741697,FALSE,FALSE,FALSE,TRUE
8.983159144,13.98315914,FALSE,TRUE,FALSE,FALSE
26.65382868,51.65382868,FALSE,FALSE,FALSE,TRUE
19.54268023,29.54268023,TRUE,FALSE,FALSE,FALSE
40.27755529,71.59694411,FALSE,FALSE,TRUE,FALSE
36.96751672,46.96751672,TRUE,FALSE,FALSE,FALSE
16.03996347,21.03996347,FALSE,TRUE,FALSE,FALSE
12.41463107,22.41463107,TRUE,FALSE,FALSE,FALSE
17.70646596,34.70646596,FALSE,FALSE,TRUE,FALSE
26.97297747,36.97297747,TRUE,FALSE,FALSE,FALSE
12.7948002,17.7948002,FALSE,TRUE,FALSE,FALSE
28.46255195,66.82818993,FALSE,FALSE,FALSE,TRUE
19.0141127,29.0141127,TRUE,FALSE,FALSE,FALSE
25.29007596,37.86259495,FALSE,TRUE,FALSE,FALSE
20.18956728,25.18956728,FALSE,TRUE,FALSE,FALSE
13.95649342,30.95649342,FALSE,FALSE,TRUE,FALSE
42.73194551,59.73194551,FALSE,FALSE,TRUE,FALSE
34.59865494,44.59865494,TRUE,FALSE,FALSE,FALSE
7.164979734,32.16497973,FALSE,FALSE,FALSE,TRUE
39.21259094,44.21259094,FALSE,TRUE,FALSE,FALSE
22.44697272,32.44697272,TRUE,FALSE,FALSE,FALSE
40.36029798,45.36029798,FALSE,TRUE,FALSE,FALSE
36.19363126,51.49203908,FALSE,TRUE,FALSE,FALSE
19.7093942,44.7093942,FALSE,FALSE,FALSE,TRUE
1.988649566,26.98864957,FALSE,FALSE,FALSE,TRUE
12.82180381,22.82180381,TRUE,FALSE,FALSE,FALSE
24.83190545,49.83190545,FALSE,FALSE,FALSE,TRUE
28.87304167,53.87304167,FALSE,FALSE,FALSE,TRUE
12.34705816,22.34705816,TRUE,FALSE,FALSE,FALSE
7.131667259,40.16458407,FALSE,FALSE,FALSE,TRUE
37.73693042,54.73693042,FALSE,FALSE,TRUE,FALSE
44.31369595,49.31369595,FALSE,TRUE,FALSE,FALSE
24.13036802,29.13036802,FALSE,TRUE,FALSE,FALSE
8.553888577,13.55388858,FALSE,TRUE,FALSE,FALSE
12.98152237,17.98152237,FALSE,TRUE,FALSE,FALSE
1.809189768,11.80918977,TRUE,FALSE,FALSE,FALSE
41.22914749,46.22914749,FALSE,TRUE,FALSE,FALSE
6.181047647,13.97630956,FALSE,TRUE,FALSE,FALSE
26.36672492,31.36672492,FALSE,TRUE,FALSE,FALSE
13.05842971,22.57303714,FALSE,TRUE,FALSE,FALSE
25.38383211,52.97979014,FALSE,FALSE,TRUE,FALSE
29.66249709,34.66249709,FALSE,TRUE,FALSE,FALSE
37.50863936,54.50863936,FALSE,FALSE,TRUE,FALSE
10.08253596,20.08253596,TRUE,FALSE,FALSE,FALSE
1.483816461,26.48381646,FALSE,FALSE,FALSE,TRUE
7.022967723,12.02296772,FALSE,TRUE,FALSE,FALSE
40.60082024,65.60082024,FALSE,FALSE,FALSE,TRUE
39.45116341,64.45116341,FALSE,FALSE,FALSE,TRUE
27.2861765,37.2861765,TRUE,FALSE,FALSE,FALSE
27.42274186,52.42274186,FALSE,FALSE,FALSE,TRUE
30.26161368,47.26161368,FALSE,FALSE,TRUE,FALSE
8.716336259,42.14542032,FALSE,FALSE,FALSE,TRUE
41.23412562,66.23412562,FALSE,FALSE,FALSE,TRUE
19.4259031,55.53237887,FALSE,FALSE,FALSE,TRUE
17.85809524,22.85809524,FALSE,TRUE,FALSE,FALSE
23.83237903,28.83237903,FALSE,TRUE,FALSE,FALSE
3.066502538,20.06650254,FALSE,FALSE,TRUE,FALSE
8.316468225,31.64558528,FALSE,FALSE,TRUE,FALSE
33.47347912,38.47347912,FALSE,TRUE,FALSE,FALSE
4.643141389,21.64314139,FALSE,FALSE,TRUE,FALSE
27.53869282,32.53869282,FALSE,TRUE,FALSE,FALSE
11.79536083,27.24420103,TRUE,FALSE,FALSE,FALSE
18.12900702,53.91125877,FALSE,FALSE,FALSE,TRUE
13.70252442,48.37815552,FALSE,FALSE,FALSE,TRUE
16.64959952,33.64959952,FALSE,FALSE,TRUE,FALSE
32.63801983,37.63801983,FALSE,TRUE,FALSE,FALSE
14.07335549,19.07335549,FALSE,TRUE,FALSE,FALSE
25.92180417,53.65225522,FALSE,FALSE,TRUE,FALSE
21.9462177,33.68277212,FALSE,TRUE,FALSE,FALSE
30.20153128,40.20153128,TRUE,FALSE,FALSE,FALSE
42.22050853,67.22050853,FALSE,FALSE,FALSE,TRUE
33.23317228,50.23317228,FALSE,FALSE,TRUE,FALSE
10.45737666,27.45737666,FALSE,FALSE,TRUE,FALSE
2.372057943,9.215072428,FALSE,TRUE,FALSE,FALSE
12.53961795,29.53961795,FALSE,FALSE,TRUE,FALSE
27.18342895,37.18342895,TRUE,FALSE,FALSE,FALSE
3.262735793,8.262735793,FALSE,TRUE,FALSE,FALSE
22.84011488,27.84011488,FALSE,TRUE,FALSE,FALSE
27.26108535,32.26108535,FALSE,TRUE,FALSE,FALSE
15.7067312,20.7067312,FALSE,TRUE,FALSE,FALSE
34.92013696,44.92013696,TRUE,FALSE,FALSE,FALSE
5.690323138,10.69032314,FALSE,TRUE,FALSE,FALSE
4.306062396,21.3060624,FALSE,FALSE,TRUE,FALSE
33.04030527,53.80038159,TRUE,FALSE,FALSE,FALSE
22.80161791,47.80161791,FALSE,FALSE,FALSE,TRUE
31.28970544,70.3621318,FALSE,FALSE,FALSE,TRUE
20.1324029,37.1324029,FALSE,FALSE,TRUE,FALSE
11.84168946,36.05211183,FALSE,FALSE,TRUE,FALSE
37.04050198,47.04050198,TRUE,FALSE,FALSE,FALSE
36.17429867,61.17429867,FALSE,FALSE,FALSE,TRUE
31.56664472,56.56664472,FALSE,FALSE,FALSE,TRUE
12.97438604,37.97438604,FALSE,FALSE,FALSE,TRUE
26.97014934,51.97014934,FALSE,FALSE,FALSE,TRUE
16.88285147,52.35356433,FALSE,FALSE,FALSE,TRUE
5.029611226,12.53701403,FALSE,TRUE,FALSE,FALSE
41.36179732,72.95224665,FALSE,FALSE,TRUE,FALSE
7.02001976,12.02001976,FALSE,TRUE,FALSE,FALSE
42.81044357,67.81044357,FALSE,FALSE,FALSE,TRUE
20.62425401,30.62425401,TRUE,FALSE,FALSE,FALSE